{
  "trial_idx": 1,
  "params": {
    "text_lr": 5e-05,
    "audio_lr": 0.01,
    "vision_lr": 0.0001,
    "other_lr": 0.01,
    "delta_va": 0.5,
    "delta_nce": 0.1,
    "delta_balance": 0.2,
    "temperature": 0.9447959558895274,
    "patience": 3
  },
  "results": {
    "val_loss": 1.4369637066202343,
    "Corr": 0.6583789541536792,
    "MAE": 0.532022793966468,
    "Has0_acc_2": 0.7374881924381455,
    "Non0_acc_2": 0.6455533552346222
  },
  "val_loss": 1.4369637066202343,
  "duration": 2.2851064205169678,
  "timestamp": "2025-08-02T16:41:44.557816",
  "status": "success",
  "mode": "simulation"
}