{
  "trial_idx": 2,
  "params": {
    "text_lr": 0.0005,
    "audio_lr": 0.0005,
    "vision_lr": 0.001,
    "other_lr": 0.0005,
    "delta_va": 0.8,
    "delta_nce": 0.1,
    "delta_balance": 0.2,
    "temperature": 0.5606871047540639,
    "patience": 4
  },
  "results": {
    "val_loss": 1.2168010816249808,
    "Corr": 0.7446276376963841,
    "MAE": 0.5639650246812019,
    "Has0_acc_2": 0.7856357927880532,
    "Non0_acc_2": 0.65226419406255
  },
  "val_loss": 1.2168010816249808,
  "duration": 1.4476675987243652,
  "timestamp": "2025-08-02T16:41:46.006375",
  "status": "success",
  "mode": "simulation"
}