{
  "trial_idx": 5,
  "params": {
    "text_lr": 1e-05,
    "audio_lr": 0.001,
    "delta_va": 0.3,
    "temperature": 1.0
  },
  "results": {
    "val_loss": 0.581316130839713,
    "Corr": 0.7152535801017282,
    "MAE": 0.4670356046537436,
    "Has0_acc_2": 0.8575112051407083,
    "Non0_acc_2": 0.7169040760220797
  },
  "val_loss": 0.581316130839713,
  "duration": 3.886702537536621,
  "timestamp": "2025-08-02T16:57:19.657759",
  "status": "success",
  "mode": "real"
}