{
  "trial_idx": 2,
  "params": {
    "text_lr": 1e-05,
    "audio_lr": 0.001,
    "delta_va": 0.1,
    "temperature": 1.0
  },
  "results": {
    "val_loss": 0.552391451784653,
    "Corr": 0.8592287154358995,
    "MAE": 0.5750186340796559,
    "Has0_acc_2": 0.8490799471702616,
    "Non0_acc_2": 0.7708126129316297
  },
  "val_loss": 0.552391451784653,
  "duration": 3.041694402694702,
  "timestamp": "2025-08-02T16:57:08.079318",
  "status": "success",
  "mode": "real"
}