{
  "trial_idx": 1,
  "params": {
    "text_lr": 1e-05,
    "audio_lr": 0.001,
    "delta_va": 0.1,
    "temperature": 0.5
  },
  "results": {
    "val_loss": 0.6804246533278083,
    "Corr": 0.8536875207907655,
    "MAE": 0.6664376774238485,
    "Has0_acc_2": 0.7364790557185141,
    "Non0_acc_2": 0.6293110814065407
  },
  "val_loss": 0.6804246533278083,
  "duration": 6.130829811096191,
  "timestamp": "2025-08-02T16:57:05.037393",
  "status": "success",
  "mode": "real"
}