{
  "trial_idx": 1,
  "params": {
    "text_lr": 1e-05,
    "audio_lr": 0.005,
    "vision_lr": 5e-05,
    "other_lr": 0.005,
    "delta_va": 0.3,
    "delta_nce": 0.1,
    "delta_balance": 0.2,
    "temperature": 1.761779794232421,
    "patience": 2
  },
  "results": {
    "val_loss": 0.9380954365977324,
    "Corr": 0.6227889931109707,
    "MAE": 0.6459226947442863,
    "Has0_acc_2": 0.8780138575803836,
    "Non0_acc_2": 0.6885978872825917
  },
  "val_loss": 0.9380954365977324,
  "duration": 2.695227861404419,
  "timestamp": "2025-08-02T16:47:32.366662",
  "status": "success",
  "mode": "simulation"
}